Nama,MQ2,MQ4,MQ5,MQ6
Kapal Api,1260,544,1838,206
Kapal Api,1253,543,1833,213
Kapal Api,1265,541,1828,202
Kapal Api,1260,551,1831,206
Kapal Api,1265,548,1829,205
Kapal Api,1260,541,1831,205
Kapal Api,1261,543,1832,207
Kapal Api,1257,537,1835,204
Kapal Api,1263,549,1833,212
Kapal Api,1258,546,1835,211
Kapal Api,1258,548,1830,203
Kapal Api,1262,544,1829,207
Kapal Api,1258,530,1830,211
Kapal Api,1268,547,1831,210
Kapal Api,1264,543,1829,204
Kapal Api,1272,541,1829,209
Kapal Api,1273,541,1837,202
Kapal Api,1271,544,1830,206
Kapal Api,1270,542,1824,204
Kapal Api,1267,542,1821,205
Kapal Api,1267,546,1827,208
Kapal Api,1281,540,1829,209
Kapal Api,1291,551,1840,211
Kapal Api,1313,549,1845,209
Kapal Api,1318,555,1846,212
Kapal Api,1328,549,1851,210
Kapal Api,1340,553,1860,205
Kapal Api,1371,556,1862,209
Kapal Api,1394,555,1864,205
Kapal Api,1411,556,1875,204
Kapal Api,1427,553,1866,203
Kapal Api,1455,551,1870,206
Kapal Api,1469,551,1876,204
Kapal Api,1487,552,1875,201
Kapal Api,1508,547,1878,206
Kapal Api,1525,550,1879,203
Kapal Api,1533,547,1877,204
Kapal Api,1550,547,1878,202
Kapal Api,1563,545,1873,197
Kapal Api,1574,544,1877,201
Kapal Api,1587,543,1875,194
Kapal Api,1593,543,1880,201
Kapal Api,1605,544,1879,202
Kapal Api,1615,540,1875,196
Kapal Api,1616,539,1874,190
Kapal Api,1629,532,1873,196
Kapal Api,1634,535,1871,199
Kapal Api,1643,536,1868,194
Kapal Api,1647,534,1870,190
Kapal Api,1654,531,1864,192
Kapal Api,1658,526,1867,190
Kapal Api,1659,524,1858,190
Kapal Api,1666,527,1861,187
Kapal Api,1668,527,1858,191
Kapal Api,1670,527,1857,189
Kapal Api,1676,522,1851,185
Kapal Api,1679,520,1851,179
Kapal Api,1675,521,1846,186
Kapal Api,1684,517,1842,190
Kapal Api,1689,521,1839,189
Kapal Api,1693,514,1837,187
Kapal Api,1694,506,1832,181
Kapal Api,1693,509,1832,184
Kapal Api,1696,511,1825,182
Kapal Api,1704,506,1826,182
Kapal Api,1701,504,1823,182
Kapal Api,1702,505,1822,180
Kapal Api,1707,500,1820,181
Kapal Api,1700,499,1817,179
Kapal Api,1703,498,1813,177
Kapal Api,1707,495,1810,177
Kapal Api,1711,495,1807,177
Kapal Api,1713,492,1801,175
Kapal Api,1711,493,1803,174
Kapal Api,1714,486,1803,177
Kapal Api,1711,488,1791,173
Kapal Api,1716,486,1792,172
Kapal Api,1715,484,1791,173
Kapal Api,1715,484,1786,172
Kapal Api,1712,481,1789,176
Kapal Api,1712,478,1781,174
Kapal Api,1719,477,1777,182
Kapal Api,1716,473,1777,175
Kapal Api,1719,475,1776,171
Kapal Api,1720,476,1771,167
Kapal Api,1716,473,1772,173
Kapal Api,1717,470,1767,169
Kapal Api,1718,474,1766,170
Kapal Api,1712,475,1766,175
Kapal Api,1714,470,1757,164
Kapal Api,1713,460,1755,172
Kapal Api,1712,467,1755,169
Kapal Api,1717,463,1756,177
Kapal Api,1716,461,1749,169
Kapal Api,1713,459,1752,169
Kapal Api,1719,462,1750,167
Kapal Api,1716,460,1745,168
Kapal Api,1712,459,1743,174
Kapal Api,1715,451,1740,177
Kapal Api,1714,453,1742,166
Kapal Api,1711,452,1738,171
Kapal Api,1717,452,1739,163
Kapal Api,1714,448,1737,159
Kapal Api,1715,448,1735,166
Kapal Api,1715,447,1733,162
Kapal Api,1716,447,1729,164
Kapal Api,1715,445,1728,164
Kapal Api,1716,451,1731,166
Kapal Api,1714,445,1728,166
Kapal Api,1717,444,1730,165
Kapal Api,1715,440,1721,162
Kapal Api,1715,438,1725,166
Kapal Api,1714,440,1725,165
Kapal Api,1714,441,1720,155
Kapal Api,1713,436,1716,157
Kapal Api,1713,436,1721,169
Kapal Api,1715,433,1715,168
Kapal Api,1711,437,1717,163
Kapal Api,1712,434,1717,160
Kapal Api,1715,430,1714,163
Kapal Api,1714,433,1714,164
Kapal Api,1712,428,1712,162
Kapal Api,1707,427,1714,159
Kapal Api,1712,429,1713,161
Kapal Api,1714,428,1706,161
Kapal Api,1712,425,1710,159
Kapal Api,1712,428,1703,158
Kapal Api,1713,430,1706,162
Kapal Api,1709,427,1707,164
Kapal Api,1710,426,1705,165
Kapal Api,1710,425,1703,158
Kapal Api,1712,421,1703,161
Kapal Api,1714,424,1699,160
Kapal Api,1707,423,1704,165
Kapal Api,1711,422,1701,161
Kapal Api,1716,422,1703,160
Kapal Api,1712,420,1700,161
Kapal Api,1715,422,1695,161
Kapal Api,1712,421,1700,159
Kapal Api,1713,418,1694,161
Kapal Api,1709,410,1694,160
Kapal Api,1707,416,1694,160
Kapal Api,1716,414,1696,157
Kapal Api,1712,413,1697,158
Kapal Api,1712,414,1693,159
Kapal Api,1710,414,1698,155
Kapal Api,1711,413,1691,161
Kapal Api,1711,413,1691,159
Kapal Api,1710,410,1693,159
Kapal Api,1716,410,1690,159
Kapal Api,1709,408,1693,160
Kapal Api,1705,407,1691,158
Kapal Api,1711,409,1688,159
Kapal Api,1711,405,1690,166
Kapal Api,1710,411,1690,155
Kapal Api,1713,410,1689,160
Kapal Api,1709,408,1685,156
Kapal Api,1709,406,1687,163
Kapal Api,1711,405,1688,157
Kapal Api,1711,404,1693,159
Kapal Api,1712,401,1689,154
Kapal Api,1712,404,1688,152
Kapal Api,1714,400,1693,158
Kapal Api,1711,403,1686,158
Kapal Api,1711,402,1684,158
Kapal Api,1709,400,1684,160
Kapal Api,1714,401,1684,155
Kapal Api,1710,402,1686,159
Kapal Api,1711,398,1684,154
Kapal Api,1713,400,1683,157
Kapal Api,1708,400,1682,155
Kapal Api,1710,397,1683,156
Kapal Api,1713,396,1686,166
Kapal Api,1714,401,1679,156
Kapal Api,1705,400,1682,157
Kapal Api,1713,397,1684,156
Kapal Api,1713,397,1683,157
Kapal Api,1708,395,1680,154
Kapal Api,1712,393,1678,157
Kapal Api,1712,401,1682,159
Kapal Api,1711,394,1679,161
Kapal Api,1709,396,1681,160
Kapal Api,1713,395,1682,153
Kapal Api,1710,398,1678,157
Kapal Api,1711,394,1678,155
Kapal Api,1708,397,1678,160
Kapal Api,1715,392,1678,156
Kapal Api,1715,396,1679,157
Kapal Api,1713,398,1679,159
Kapal Api,1711,393,1677,156
Kapal Api,1711,393,1676,159
Kapal Api,1710,394,1681,155
Kapal Api,1713,393,1679,156
Kapal Api,1718,390,1673,155
Kapal Api,1715,389,1680,156
Kapal Api,1714,393,1678,155
Kapal Api,1718,392,1676,154
Kapal Api,1712,390,1675,154
Kapal Api,1709,392,1680,152
Kapal Api,1712,393,1678,159
Kapal Api,1712,391,1675,153
Kapal Api,1711,389,1675,159
Kapal Api,1714,392,1675,154
Kapal Api,1710,388,1679,153
Kapal Api,1712,386,1679,154
Kapal Api,1711,388,1682,156
Kapal Api,1710,388,1679,156
Kapal Api,1709,389,1678,157
Kapal Api,1710,391,1676,151
Kapal Api,1714,390,1675,152
Kapal Api,1717,386,1683,155
Kapal Api,1710,387,1678,154
Kapal Api,1715,384,1674,155
Kapal Api,1712,385,1676,158
Kapal Api,1710,386,1676,154
Kapal Api,1709,380,1678,157
Kapal Api,1713,384,1669,153
Kapal Api,1717,381,1670,159
Kapal Api,1708,387,1667,157
Kapal Api,1716,386,1670,148
Kapal Api,1713,385,1677,155
Kapal Api,1715,383,1674,151
Kapal Api,1712,386,1674,154
Kapal Api,1714,392,1674,155
Kapal Api,1711,386,1672,156
Kapal Api,1708,379,1678,157
Kapal Api,1715,388,1673,151
Kapal Api,1720,384,1674,153
Kapal Api,1719,385,1670,151
Kapal Api,1713,380,1677,156
Kapal Api,1717,387,1674,150
Kapal Api,1712,385,1675,153
Kapal Api,1713,384,1678,156
Kapal Api,1712,377,1668,154
Kapal Api,1718,383,1679,159
Kapal Api,1716,382,1677,150
Kapal Api,1717,388,1673,153
Kapal Api,1716,381,1670,150
Kapal Api,1720,388,1674,159
Kapal Api,1715,386,1672,154
Kapal Api,1714,377,1671,155
Kapal Api,1717,381,1672,154
Kapal Api,1711,382,1672,153
Kapal Api,1716,379,1672,155
Kapal Api,1713,381,1674,154
Kapal Api,1714,380,1670,149
Kapal Api,1711,382,1673,155
Kapal Api,1718,382,1676,151
Kapal Api,1714,380,1673,152
Kapal Api,1713,380,1673,157
Kapal Api,1717,379,1678,155
Kapal Api,1715,378,1674,155
Kapal Api,1715,375,1677,156
Kapal Api,1714,382,1674,155
Kapal Api,1714,382,1680,155
Kapal Api,1705,378,1668,157
Kapal Api,1785,384,1696,192
Kapal Api,1811,399,1747,224
Kapal Api,1781,400,1762,229
Kapal Api,1749,409,1778,234
Kapal Api,1727,406,1783,235
Kapal Api,1700,412,1795,235
Kapal Api,1670,414,1817,238
Kapal Api,1657,419,1817,234
Kapal Api,1640,425,1823,241
Kapal Api,1625,427,1837,233
Kapal Api,1614,424,1842,236
Kapal Api,1599,429,1848,238
Kapal Api,1587,435,1855,241
Kapal Api,1576,425,1854,234
Kapal Api,1566,434,1861,231
Kapal Api,1548,434,1869,234
Kapal Api,1547,435,1872,237
Kapal Api,1535,436,1875,234
Kapal Api,1516,444,1884,233
Kapal Api,1516,442,1878,231
Kapal Api,1506,445,1886,234
Kapal Api,1499,437,1896,236
Kapal Api,1492,442,1892,231
Kapal Api,1484,445,1893,229
Kapal Api,1487,456,1900,230
Kapal Api,1479,456,1896,227
Kapal Api,1463,453,1900,221
Kapal Api,1468,453,1906,237
Kapal Api,1455,453,1896,230
Kapal Api,1456,457,1902,228
Kapal Api,1452,453,1900,229
Kapal Api,1444,456,1903,219
Kapal Api,1436,452,1906,230
Kapal Api,1430,463,1903,220
Kapal Api,1439,458,1902,233
Kapal Api,1424,465,1902,235
Kapal Api,1422,461,1902,229
Kapal Api,1414,461,1903,227
Kapal Api,1424,460,1906,227
Kapal Api,1411,462,1903,229
Kapal Api,1414,468,1901,224
Kapal Api,1413,466,1902,236
Kapal Api,1407,465,1899,226
Kapal Api,1400,461,1907,226
Kapal Api,1406,464,1905,226
Kapal Api,1395,467,1900,220
Kapal Api,1392,468,1899,234
Kapal Api,1391,470,1903,223
Kapal Api,1391,469,1899,225
Kapal Api,1392,469,1906,229
Kapal Api,1388,475,1895,219
Kapal Api,1381,474,1885,221
Kapal Api,1388,469,1897,220
Kapal Api,1385,475,1900,219
Kapal Api,1387,477,1891,220
Kapal Api,1382,470,1894,218
Kapal Api,1375,476,1899,223
Kapal Api,1371,472,1894,226
Kapal Api,1365,482,1892,216
Kapal Api,1372,470,1890,226
Kapal Api,1349,484,1896,221
Kapal Api,1364,475,1891,211
Kapal Api,1363,484,1900,224
Kapal Api,1361,478,1887,219
Kapal Api,1360,486,1890,211
Kapal Api,1358,479,1890,219
Kapal Api,1365,477,1886,232
Kapal Api,1358,480,1888,219
Kapal Api,1351,482,1893,215
Kapal Api,1351,483,1894,221
Kapal Api,1360,479,1896,222
Kapal Api,1354,486,1885,220
Kapal Api,1350,483,1883,216
Kapal Api,1351,487,1884,214
Kapal Api,1349,489,1889,225
Kapal Api,1348,484,1889,216
Kapal Api,1344,488,1886,218
Kapal Api,1344,488,1889,219
Kapal Api,1346,483,1887,220
Kapal Api,1347,486,1888,218
Kapal Api,1340,487,1883,219
Kapal Api,1335,494,1892,221
Kapal Api,1337,488,1883,219
Kapal Api,1336,485,1888,222
Kapal Api,1338,492,1887,205
Kapal Api,1338,489,1880,214
Kapal Api,1332,481,1876,217
Kapal Api,1331,493,1877,223
Kapal Api,1332,489,1874,219
Kapal Api,1332,494,1883,210
Kapal Api,1330,495,1871,213
Kapal Api,1328,494,1880,213
Kapal Api,1328,492,1884,214
Kapal Api,1326,492,1875,214
Kapal Api,1322,496,1878,209
Kapal Api,1325,497,1876,214
Kapal Api,1326,495,1877,219
Kapal Api,1322,489,1878,215
Kapal Api,1327,497,1874,209
Kapal Api,1314,492,1875,209
Kapal Api,1317,499,1873,211
Kapal Api,1318,494,1880,210
Kapal Api,1313,493,1871,223
Kapal Api,1313,495,1876,205
Kapal Api,1318,496,1871,213
Kapal Api,1317,495,1871,211
Kapal Api,1317,492,1869,213
Kapal Api,1318,493,1874,215
Kapal Api,1317,493,1857,211
Kapal Api,1311,506,1866,217
Kapal Api,1319,501,1868,214
Kapal Api,1310,491,1868,211
Kapal Api,1311,502,1869,209
Kapal Api,1310,495,1871,216
Kapal Api,1310,499,1866,213
Kapal Api,1316,492,1866,203
Kapal Api,1309,502,1862,212
Kapal Api,1308,491,1861,218
Kapal Api,1312,498,1864,212
Kapal Api,1302,497,1858,218
Kapal Api,1307,495,1862,206
Kapal Api,1305,493,1855,210
Kapal Api,1301,507,1864,219
Kapal Api,1308,501,1861,211
Kapal Api,1302,505,1865,206
Kapal Api,1313,498,1862,207
Kapal Api,1300,501,1863,215
Kapal Api,1307,504,1860,206
Kapal Api,1302,513,1853,209
Kapal Api,1307,502,1856,209
Kapal Api,1304,504,1858,206
Kapal Api,1298,500,1856,214
Kapal Api,1299,501,1853,210
Kapal Api,1306,509,1859,207
Kapal Api,1302,504,1858,211
Kapal Api,1298,506,1855,215
Kapal Api,1300,498,1853,205
Kapal Api,1303,507,1854,203
Kapal Api,1300,511,1854,203
Kapal Api,1302,508,1847,205
Kapal Api,1304,503,1852,208
Kapal Api,1297,507,1854,211
Kapal Api,1297,511,1853,206
Kapal Api,1294,507,1849,205
Kapal Api,1294,504,1849,211
Kapal Api,1294,499,1853,204
Kapal Api,1297,505,1845,216
Kapal Api,1297,508,1853,211
Kapal Api,1289,505,1844,207
Kapal Api,1287,506,1852,205
Kapal Api,1295,499,1848,206
Kapal Api,1291,506,1850,206
Kapal Api,1285,506,1846,211
Kapal Api,1293,500,1854,202
Kapal Api,1285,498,1849,211
Kapal Api,1293,505,1849,209
Kapal Api,1283,504,1850,210
Kapal Api,1296,505,1845,214
Kapal Api,1292,506,1854,201
Kapal Api,1295,508,1853,209
Kapal Api,1294,507,1852,207
Kapal Api,1300,511,1852,215
Kapal Api,1294,512,1852,202
Kapal Api,1302,507,1848,204
Kapal Api,1293,502,1853,205
Kapal Api,1288,508,1850,203
Kapal Api,1304,508,1864,214
Kapal Api,1294,507,1846,202
Kapal Api,1295,514,1841,210
Kapal Api,1297,508,1847,207
Kapal Api,1291,515,1842,207
Kapal Api,1293,506,1856,204
Kapal Api,1288,512,1847,204
Kapal Api,1288,510,1849,211
Kapal Api,1288,507,1844,207
Kapal Api,1288,518,1837,204
Kapal Api,1287,508,1852,206
Kapal Api,1286,515,1846,210
Kapal Api,1289,508,1850,197
Kapal Api,1280,507,1842,206
Kapal Api,1290,518,1854,206
Kapal Api,1287,507,1847,215
Kapal Api,1296,514,1837,200
Kapal Api,1288,513,1846,208
Kapal Api,1284,512,1843,209
Kapal Api,1282,513,1845,208
Kapal Api,1290,512,1838,201
Kapal Api,1285,516,1841,202
Kapal Api,1281,510,1842,205
Kapal Api,1284,518,1837,213
Kapal Api,1279,513,1834,196
Kapal Api,1275,512,1838,197
Kapal Api,1280,508,1845,200
Kapal Api,1284,510,1834,203
Kapal Api,1284,513,1832,196
Kapal Api,1453,588,1965,266
Kapal Api,1452,584,1968,256
Kapal Api,1442,587,1956,258
Kapal Api,1432,583,1957,262
Kapal Api,1425,583,1951,264
Kapal Api,1418,581,1946,263
Kapal Api,1415,577,1946,261
Kapal Api,1416,577,1938,256
Kapal Api,1409,581,1934,261
Kapal Api,1408,575,1934,257
Kapal Api,1398,574,1930,253
Kapal Api,1395,580,1928,257
Kapal Api,1391,572,1920,253
Kapal Api,1392,572,1926,248
Kapal Api,1395,571,1921,256
Kapal Api,1386,563,1915,252
Kapal Api,1388,566,1907,252
Kapal Api,1382,570,1915,247
Kapal Api,1378,565,1905,251
Kapal Api,1379,566,1905,255
Kapal Api,1368,569,1900,254
Kapal Api,1366,558,1900,244
Kapal Api,1374,556,1888,249
Kapal Api,1373,569,1884,251
Kapal Api,1402,563,1898,239
Kapal Api,1460,569,1923,248
Kapal Api,1507,569,1925,238
Kapal Api,1541,571,1930,240
Kapal Api,1552,571,1932,229
Kapal Api,1557,570,1924,231
Kapal Api,1570,570,1919,228
Kapal Api,1576,565,1926,226
Kapal Api,1581,555,1924,228
Kapal Api,1591,564,1921,226
Kapal Api,1606,558,1909,226
Kapal Api,1602,559,1915,225
Kapal Api,1621,555,1904,218
Kapal Api,1630,549,1909,215
Kapal Api,1638,544,1906,221
Kapal Api,1646,543,1893,223
Kapal Api,1661,541,1899,214
Kapal Api,1666,543,1885,207
Kapal Api,1682,535,1880,219
Kapal Api,1686,533,1880,209
Kapal Api,1688,532,1874,204
Kapal Api,1693,531,1869,209
Kapal Api,1710,528,1870,208
Kapal Api,1712,520,1865,207
Kapal Api,1718,524,1861,203
Kapal Api,1720,520,1859,210
Kapal Api,1731,514,1849,206
Kapal Api,1735,513,1848,205
Kapal Api,1746,509,1839,197
Kapal Api,1741,510,1839,195
Kapal Api,1748,502,1835,198
Kapal Api,1752,502,1831,198
Kapal Api,1753,495,1829,203
Kapal Api,1758,497,1827,191
Kapal Api,1762,502,1818,192
Kapal Api,1772,490,1815,200
Kapal Api,1767,491,1813,199
Kapal Api,1769,497,1806,195
Kapal Api,1774,492,1807,185
Kapal Api,1773,478,1798,185
Kapal Api,1777,482,1799,191
Kapal Api,1787,486,1795,190
Kapal Api,1787,483,1800,187
Kapal Api,1784,473,1789,186
Kapal Api,1789,482,1790,186
Kapal Api,1791,477,1782,182
Kapal Api,1790,467,1780,187
Kapal Api,1788,471,1783,185
Kapal Api,1792,476,1782,190
Kapal Api,1790,463,1774,186
Kapal Api,1797,466,1774,185
Kapal Api,1799,463,1769,184
Kapal Api,1794,464,1766,188
Kapal Api,1800,461,1764,183
Kapal Api,1799,461,1764,186
Kapal Api,1793,458,1767,182
Kapal Api,1802,456,1755,187
Kapal Api,1794,450,1759,173
Kapal Api,1800,455,1750,184
Kapal Api,1799,452,1751,178
Kapal Api,1803,449,1747,179
Kapal Api,1795,451,1748,177
Kapal Api,1803,446,1747,181
Kapal Api,1800,438,1742,183
Kapal Api,1803,448,1745,172
Kapal Api,1803,444,1745,172
Kapal Api,1792,449,1731,179
Kapal Api,1798,443,1738,181
Kapal Api,1799,436,1740,178
Kapal Api,1796,442,1733,171
Kapal Api,1794,437,1732,176
Kapal Api,1792,437,1729,175
Kapal Api,1796,436,1720,175
Kapal Api,1795,427,1732,169
Kapal Api,1797,430,1724,164
Kapal Api,1793,429,1724,173
Kapal Api,1794,435,1726,171
Kapal Api,1795,430,1719,177
Kapal Api,1788,424,1720,170
Kapal Api,1794,422,1719,172
Kapal Api,1794,421,1715,170
Kapal Api,1796,421,1718,171
Kapal Api,1785,422,1708,166
Kapal Api,1783,419,1712,176
Kapal Api,1828,428,1739,196
Kapal Api,1835,438,1764,226
Kapal Api,1790,442,1771,235
Kapal Api,1752,444,1775,239
Kapal Api,1714,447,1782,240
Kapal Api,1685,452,1778,236
Kapal Api,1660,447,1781,247
Kapal Api,1642,453,1784,238
Kapal Api,1621,452,1786,230
Kapal Api,1600,453,1790,238
Kapal Api,1591,461,1789,238
Kapal Api,1577,457,1801,242
Kapal Api,1553,461,1803,239
Kapal Api,1543,461,1798,240
Kapal Api,1533,468,1812,241
Kapal Api,1520,466,1804,237
Kapal Api,1514,468,1809,234
Kapal Api,1499,465,1816,245
Kapal Api,1497,471,1811,234
Kapal Api,1474,473,1819,234
Kapal Api,1472,466,1819,239
Kapal Api,1468,474,1821,234
Kapal Api,1466,474,1819,237
Kapal Api,1453,477,1824,233
Kapal Api,1447,472,1822,231
Kapal Api,1434,471,1830,232
Kapal Api,1428,478,1824,236
Kapal Api,1429,479,1823,232
Kapal Api,1416,481,1821,232
Kapal Api,1417,479,1832,237
Kapal Api,1416,484,1827,245
Kapal Api,1413,485,1835,239
Kapal Api,1408,488,1839,240
Kapal Api,1407,491,1842,235
Kapal Api,1413,491,1843,239
Kapal Api,1401,492,1830,237
Kapal Api,1394,493,1836,252
Kapal Api,1395,490,1841,245
Kapal Api,1393,492,1841,240
Kapal Api,1394,490,1844,244
Kapal Api,1389,496,1842,240
Kapal Api,1387,497,1842,251
Kapal Api,1385,492,1845,241
Kapal Api,1376,499,1837,236
Kapal Api,1375,497,1843,244
Kapal Api,1373,501,1841,238
Kapal Api,1376,507,1837,238
Kapal Api,1375,496,1836,235
Kapal Api,1365,505,1846,241
Kapal Api,1367,501,1840,238
Kapal Api,1358,502,1847,243
Kapal Api,1363,502,1835,242
Kapal Api,1357,499,1836,233
Kapal Api,1353,498,1837,240
Kapal Api,1352,500,1843,238
Kapal Api,1348,499,1835,240
Kapal Api,1349,504,1837,238
Kapal Api,1346,502,1839,241
Kapal Api,1344,505,1841,242
Kapal Api,1339,503,1835,239
Kapal Api,1339,500,1828,238
Kapal Api,1337,497,1831,235
Kapal Api,1338,499,1833,231
Kapal Api,1341,505,1823,233
Kapal Api,1338,499,1833,235
Kapal Api,1334,506,1827,230
Kapal Api,1336,499,1827,239
Kapal Api,1332,500,1830,233
Kapal Api,1327,501,1828,235
Kapal Api,1325,499,1826,226
Kapal Api,1325,506,1825,236
Kapal Api,1322,495,1828,233
Kapal Api,1320,506,1824,232
Kapal Api,1323,498,1824,233
Kapal Api,1315,505,1825,233
Kapal Api,1318,497,1822,233
Kapal Api,1315,501,1823,230
Kapal Api,1313,503,1824,234
Kapal Api,1314,507,1820,235
Kapal Api,1318,505,1827,231
Kapal Api,1312,507,1826,228
Kapal Api,1315,510,1823,228
Kapal Api,1308,502,1820,228
Kapal Api,1305,502,1822,238
Kapal Api,1296,507,1812,237
Kapal Api,1307,512,1821,237
Kapal Api,1300,503,1818,232
Kapal Api,1298,499,1815,229
Kapal Api,1300,509,1816,237
Kapal Api,1299,509,1816,231
Kapal Api,1303,503,1818,231
Kapal Api,1301,505,1819,235
Kapal Api,1297,499,1819,236
Kapal Api,1296,509,1810,234
Kapal Api,1296,507,1815,228
Kapal Api,1292,502,1816,235
Kapal Api,1290,506,1812,226
Kapal Api,1296,499,1812,226
Kapal Api,1298,503,1814,226
Kapal Api,1294,507,1816,233
Kapal Api,1292,511,1807,241
Kapal Api,1288,509,1814,231
Kapal Api,1288,502,1812,233
Kapal Api,1285,506,1808,233
Kapal Api,1290,515,1808,230
Kapal Api,1290,504,1810,225
Kapal Api,1285,509,1806,237
Kapal Api,1285,507,1810,229
Kapal Api,1284,502,1810,228
Kapal Api,1286,509,1812,227
Kapal Api,1282,500,1800,232
Kapal Api,1280,501,1806,235
Kapal Api,1281,508,1799,225
Kapal Api,1277,506,1806,227
Kapal Api,1281,503,1806,229
Kapal Api,1280,509,1802,229
Kapal Api,1283,499,1804,226
Kapal Api,1283,511,1802,229
Kapal Api,1278,505,1804,226
Kapal Api,1280,506,1801,230
Kapal Api,1286,507,1798,227
Kapal Api,1274,502,1800,226
Kapal Api,1273,504,1802,228
Kapal Api,1279,503,1801,226
Kapal Api,1279,513,1799,218
Kapal Api,1272,500,1803,220
Kapal Api,1280,506,1807,227
Kapal Api,1282,507,1804,223
Kapal Api,1277,500,1793,219
Kapal Api,1278,509,1795,223
Kapal Api,1278,514,1810,221
Kapal Api,1272,505,1797,224
Kapal Api,1282,499,1794,224
Kapal Api,1277,506,1798,223
Kapal Api,1277,504,1795,223
Kapal Api,1275,498,1793,227
Kapal Api,1273,505,1794,224
Kapal Api,1273,502,1805,223
Kapal Api,1279,501,1790,224
Kapal Api,1277,512,1794,222
Kapal Api,1280,502,1795,222
Kapal Api,1280,502,1794,222
Kapal Api,1272,500,1795,224
Kapal Api,1273,505,1794,227
Kapal Api,1270,510,1788,224
Kapal Api,1266,499,1798,227
Kapal Api,1271,508,1800,224
Kapal Api,1262,498,1786,244
Kapal Api,1283,514,1787,247
Kapal Api,1313,509,1792,224
Kapal Api,1331,508,1804,229
Kapal Api,1359,501,1804,224
Kapal Api,1370,496,1807,226
Kapal Api,1385,498,1809,225
Kapal Api,1398,505,1811,220
Kapal Api,1411,507,1807,218
Kapal Api,1425,504,1812,218
Kapal Api,1442,504,1809,217
Kapal Api,1459,497,1812,211
Kapal Api,1473,493,1809,211
Kapal Api,1486,495,1810,211
Kapal Api,1500,494,1807,214
Kapal Api,1509,492,1809,206
Kapal Api,1523,500,1807,207
Kapal Api,1535,491,1798,202
Kapal Api,1547,490,1801,204
Kapal Api,1556,490,1800,210
Kapal Api,1564,482,1797,203
Kapal Api,1573,480,1799,207
Kapal Api,1584,482,1793,202
Kapal Api,1590,482,1793,204
Kapal Api,1599,479,1793,205
Kapal Api,1594,476,1789,200
Kapal Api,1607,476,1788,203
Kapal Api,1616,472,1782,204
Kapal Api,1616,472,1786,196
Kapal Api,1629,467,1780,204
Kapal Api,1628,471,1779,198
Kapal Api,1632,466,1777,199
Kapal Api,1634,462,1779,192
Kapal Api,1641,467,1775,197
Kapal Api,1647,463,1776,195
Kapal Api,1646,460,1773,196
Kapal Api,1649,459,1768,190
Kapal Api,1650,460,1769,193
Kapal Api,1664,457,1767,193
Kapal Api,1663,457,1768,191
Kapal Api,1664,456,1760,190
Kapal Api,1663,452,1754,193
Kapal Api,1663,450,1758,193
Kapal Api,1666,447,1754,192
Kapal Api,1670,443,1755,201
Kapal Api,1667,444,1757,193
Kapal Api,1669,443,1755,193
Kapal Api,1675,446,1749,197
Kapal Api,1677,443,1744,187
Kapal Api,1682,437,1747,190
Kapal Api,1684,442,1745,187
Kapal Api,1682,439,1744,187
Kapal Api,1679,440,1742,191
Kapal Api,1683,435,1743,189
Kapal Api,1683,437,1739,183
Kapal Api,1687,437,1738,187
Kapal Api,1685,435,1734,186
Kapal Api,1692,424,1736,187
Kapal Api,1687,437,1735,184
Kapal Api,1690,431,1733,188
Kapal Api,1690,429,1732,183
Kapal Api,1698,432,1726,190
Kapal Api,1694,424,1727,184
Kapal Api,1695,428,1716,175
Kapal Api,1694,427,1726,188
Kapal Api,1694,425,1725,188
Kapal Api,1698,423,1726,185
Kapal Api,1689,421,1724,192
Kapal Api,1698,423,1724,185
Kapal Api,1698,425,1727,185
Kapal Api,1701,414,1719,189
Kapal Api,1701,421,1723,187
Kapal Api,1699,422,1721,183
Kapal Api,1696,419,1719,183
Kapal Api,1698,413,1714,178
Kapal Api,1702,423,1717,181
Kapal Api,1695,418,1718,180
Kapal Api,1702,416,1714,185
Kapal Api,1699,415,1717,182
Kapal Api,1702,403,1710,180
Kapal Api,1698,412,1707,187
Kapal Api,1701,408,1712,186
Kapal Api,1708,409,1713,185
Kapal Api,1703,409,1714,184
Kapal Api,1701,410,1710,187
Kapal Api,1705,407,1712,175
Kapal Api,1701,409,1709,185
Kapal Api,1707,409,1705,177
Kapal Api,1700,412,1705,182
Kapal Api,1703,407,1711,180
Kapal Api,1699,404,1710,184
Kapal Api,1703,408,1703,185
Kapal Api,1706,399,1709,176
Kapal Api,1708,405,1708,180
Kapal Api,1701,404,1700,187
Kapal Api,1702,401,1706,184
Kapal Api,1702,405,1699,182
Kapal Api,1700,403,1701,185
Kapal Api,1701,401,1708,179
Kapal Api,1702,399,1698,182
Kapal Api,1701,398,1700,185
Kapal Api,1695,403,1701,176
Kapal Api,1699,398,1698,179
Kapal Api,1707,396,1700,175
Kapal Api,1701,406,1700,172
Kapal Api,1697,397,1696,182
Kapal Api,1703,399,1695,185
Kapal Api,1704,396,1693,183
Kapal Api,1708,398,1700,180
Kapal Api,1707,400,1700,176
Kapal Api,1702,396,1701,182
Kapal Api,1702,393,1697,182
Kapal Api,1704,396,1692,174
Kapal Api,1704,391,1693,183
Kapal Api,1702,393,1692,182
Kapal Api,1698,394,1693,201
Kapal Api,1729,404,1697,195
Kapal Api,1733,407,1721,225
Kapal Api,1702,404,1730,235
Kapal Api,1664,402,1732,242
Kapal Api,1641,415,1739,234
Kapal Api,1606,405,1734,241
Kapal Api,1595,407,1744,246
Kapal Api,1575,413,1744,246
Kapal Api,1561,413,1750,239
Kapal Api,1541,414,1751,240
Kapal Api,1525,419,1760,248
Kapal Api,1515,413,1760,230
Kapal Api,1493,421,1758,247
Kapal Api,1485,428,1762,241
Kapal Api,1480,426,1766,253
Kapal Api,1480,434,1773,246
Kapal Api,1462,430,1774,240
Kapal Api,1453,427,1779,245
Kapal Api,1446,428,1766,239
Kapal Api,1443,431,1783,253
Kapal Api,1436,430,1777,232
Kapal Api,1427,432,1779,240
Kapal Api,1423,445,1779,231
Kapal Api,1417,441,1786,247
Kapal Api,1415,429,1776,240
Kapal Api,1405,439,1788,238
Kapal Api,1399,444,1788,233
Kapal Api,1392,447,1796,242
Kapal Api,1397,447,1795,230
Kapal Api,1386,448,1787,234
Kapal Api,1385,450,1790,237
Kapal Api,1376,450,1797,235
Kapal Api,1375,445,1791,232
Kapal Api,1375,451,1791,226
Kapal Api,1369,447,1793,232
Kapal Api,1363,450,1793,233
Kapal Api,1365,455,1791,234
Kapal Api,1363,452,1795,223
Kapal Api,1358,453,1796,225
Kapal Api,1358,451,1797,242
Kapal Api,1348,452,1794,233
Kapal Api,1352,455,1796,230
Kapal Api,1356,461,1795,231
Kapal Api,1353,458,1799,233
Kapal Api,1344,462,1792,232
Kapal Api,1343,459,1792,226
Kapal Api,1340,460,1794,226
Kapal Api,1342,468,1796,228
Kapal Api,1339,461,1795,221
Kapal Api,1343,458,1794,228
Kapal Api,1336,457,1796,225
Kapal Api,1328,460,1799,218
Kapal Api,1338,458,1798,227
Kapal Api,1333,460,1796,228
Kapal Api,1323,460,1799,235
Kapal Api,1325,469,1797,227
Kapal Api,1321,462,1797,228
Kapal Api,1320,461,1793,229
Kapal Api,1326,464,1798,228
Kapal Api,1314,459,1797,226
Kapal Api,1325,465,1795,238
Kapal Api,1325,473,1802,232
Kapal Api,1315,466,1796,224
Kapal Api,1316,464,1797,217
Kapal Api,1316,468,1799,234
Kapal Api,1316,463,1794,227
Kapal Api,1307,468,1795,215
Kapal Api,1316,465,1790,226
Kapal Api,1307,469,1787,226
Kapal Api,1316,456,1790,229
Kapal Api,1310,468,1790,226
Kapal Api,1305,467,1794,223
Kapal Api,1304,468,1796,223
Kapal Api,1302,467,1794,226
Kapal Api,1300,465,1796,214
Kapal Api,1304,468,1789,226
Kapal Api,1298,471,1798,215
Kapal Api,1298,471,1794,228
Kapal Api,1300,477,1791,223
Kapal Api,1294,469,1791,223
Kapal Api,1296,471,1791,222
Kapal Api,1299,475,1791,220
Kapal Api,1294,469,1787,218
Kapal Api,1301,474,1793,222
Kapal Api,1292,476,1791,224
Kapal Api,1298,477,1792,221
Kapal Api,1294,467,1787,224
Kapal Api,1296,475,1793,217
Kapal Api,1294,466,1795,213
Kapal Api,1292,473,1789,219
Kapal Api,1292,476,1790,218
Kapal Api,1288,470,1788,216
Kapal Api,1290,468,1788,223
Kapal Api,1289,470,1789,210
Kapal Api,1286,481,1788,225
Kapal Api,1289,471,1786,218
Kapal Api,1283,474,1792,218
Singa H,1366,461,1698,194
Singa H,1365,459,1696,193
Singa H,1366,461,1699,194
Singa H,1363,465,1696,196
Singa H,1362,463,1691,197
Singa H,1365,461,1697,201
Singa H,1366,459,1691,196
Singa H,1362,460,1691,195
Singa H,1361,457,1692,188
Singa H,1361,465,1694,199
Singa H,1364,454,1682,195
Singa H,1361,460,1686,189
Singa H,1360,460,1685,188
Singa H,1367,463,1687,193
Singa H,1400,464,1702,195
Singa H,1423,460,1705,191
Singa H,1456,466,1713,197
Singa H,1488,472,1744,202
Singa H,1513,476,1779,201
Singa H,1537,478,1805,202
Singa H,1564,484,1849,208
Singa H,1591,487,1894,207
Singa H,1618,491,1938,212
Singa H,1656,498,1980,207
Singa H,1695,496,2023,205
Singa H,1737,498,2063,211
Singa H,1786,494,2088,213
Singa H,1833,500,2113,225
Singa H,1879,500,2132,214
Singa H,1928,505,2153,216
Singa H,1973,511,2169,222
Singa H,2020,512,2186,220
Singa H,2060,521,2197,223
Singa H,2101,527,2213,231
Singa H,2144,535,2224,232
Singa H,2176,532,2231,227
Singa H,2213,536,2242,230
Singa H,2247,535,2256,233
Singa H,2284,542,2260,237
Singa H,2310,536,2270,238
Singa H,2340,544,2281,238
Singa H,2367,545,2287,247
Singa H,2394,547,2292,241
Singa H,2414,551,2299,242
Singa H,2440,556,2301,243
Singa H,2463,557,2310,246
Singa H,2480,557,2319,241
Singa H,2511,560,2321,246
Singa H,2520,565,2326,252
Singa H,2540,562,2328,249
Singa H,2558,564,2338,260
Singa H,2576,563,2335,258
Singa H,2594,561,2345,259
Singa H,2611,571,2349,257
Singa H,2627,571,2352,258
Singa H,2642,577,2360,265
Singa H,2650,578,2355,258
Singa H,2666,574,2364,262
Singa H,2673,581,2365,264
Singa H,2686,579,2371,269
Singa H,2702,578,2372,273
Singa H,2714,581,2368,272
Singa H,2721,579,2378,265
Singa H,2732,580,2378,267
Singa H,2744,586,2384,270
Singa H,2758,580,2391,270
Singa H,2759,585,2394,272
Singa H,2771,579,2394,273
Singa H,2774,590,2393,273
Singa H,2786,587,2396,277
Singa H,2791,587,2402,270
Singa H,2803,587,2404,279
Singa H,2807,593,2406,278
Singa H,2811,591,2405,280
Singa H,2825,587,2409,280
Singa H,2833,582,2411,269
Singa H,2827,594,2418,285
Singa H,2832,593,2417,280
Singa H,2843,592,2415,287
Singa H,2855,592,2420,285
Singa H,2853,594,2424,294
Singa H,2862,592,2421,288
Singa H,2862,592,2415,294
Singa H,2874,585,2426,290
Singa H,2876,592,2424,296
Singa H,2878,589,2424,288
Singa H,2878,598,2426,286
Singa H,2884,596,2432,290
Singa H,2893,593,2437,294
Singa H,2897,593,2435,295
Singa H,2901,594,2434,292
Singa H,2904,594,2436,300
Singa H,2907,597,2439,300
Singa H,2913,592,2440,294
Singa H,2917,600,2443,299
Singa H,2921,591,2441,299
Singa H,2923,598,2444,299
Singa H,2926,596,2447,298
Singa H,2933,593,2447,298
Singa H,2930,599,2450,296
Singa H,2933,598,2446,300
Singa H,2936,595,2447,300
Singa H,2944,595,2452,300
Singa H,2949,596,2448,299
Singa H,2939,604,2455,296
Singa H,2950,597,2454,300
Singa H,2955,596,2454,296
Singa H,2954,597,2451,299
Singa H,2949,602,2453,307
Singa H,2959,598,2455,304
Singa H,2957,594,2458,309
Singa H,2963,601,2457,304
Singa H,2971,596,2463,304
Singa H,2970,599,2457,304
Singa H,2966,602,2460,312
Singa H,2965,600,2463,307
Singa H,2968,596,2463,307
Singa H,2977,603,2457,307
Singa H,2974,600,2462,308
Singa H,2981,599,2463,307
Singa H,2980,601,2462,308
Singa H,2975,602,2466,305
Singa H,2978,599,2460,311
Singa H,2981,602,2466,309
Singa H,2989,594,2466,310
Singa H,2989,602,2456,313
Singa H,2989,600,2473,315
Singa H,2990,600,2468,309
Singa H,2999,597,2472,311
Singa H,2982,598,2454,302
Singa H,2991,593,2466,310
Singa H,2995,604,2478,336
Singa H,2821,602,2445,354
Singa H,2665,593,2416,344
Singa H,2543,586,2399,353
Singa H,2452,591,2366,342
Singa H,2365,574,2365,324
Singa H,2308,578,2346,321
Singa H,2237,574,2333,311
Singa H,2179,574,2311,321
Singa H,2143,563,2305,322
Singa H,2103,566,2286,301
Singa H,2052,565,2293,309
Singa H,2019,558,2276,298
Singa H,1994,554,2260,298
Singa H,1951,557,2252,296
Singa H,1931,552,2242,294
Singa H,1913,551,2233,290
Singa H,1885,553,2223,289
Singa H,1873,553,2209,283
Singa H,1853,536,2207,286
Singa H,1828,534,2195,279
Singa H,1804,542,2182,285
Singa H,1782,551,2168,279
Singa H,1776,537,2163,284
Singa H,1754,537,2159,279
Singa H,1745,529,2141,276
Singa H,1732,529,2142,275
Singa H,1717,536,2132,281
Singa H,1701,528,2118,278
Singa H,1688,528,2119,265
Singa H,1680,536,2102,260
Singa H,1670,526,2089,264
Singa H,1659,526,2089,273
Singa H,1657,523,2090,257
Singa H,1644,523,2083,263
Singa H,1636,528,2062,253
Singa H,1627,525,2058,263
Singa H,1616,525,2059,262
Singa H,1613,520,2058,252
Singa H,1609,511,2040,258
Singa H,1597,515,2036,261
Singa H,1586,520,2033,261
Singa H,1593,515,2024,254
Singa H,1584,512,2022,254
Singa H,1580,514,2016,249
Singa H,1580,511,1996,258
Singa H,1560,502,2004,255
Singa H,1566,512,2003,248
Singa H,1554,509,1991,260
Singa H,1560,515,1992,250
Singa H,1547,495,1978,240
Singa H,1547,510,1986,255
Singa H,1533,499,1983,248
Singa H,1525,512,1980,253
Singa H,1520,503,1978,248
Singa H,1521,504,1968,252
Singa H,1514,506,1962,244
Singa H,1514,505,1956,246
Singa H,1513,496,1960,241
Singa H,1507,497,1951,245
Singa H,1509,502,1951,248
Singa H,1501,505,1948,240
Singa H,1500,493,1939,241
Singa H,1498,498,1946,242
Singa H,1482,492,1928,248
Singa H,1485,489,1935,241
Singa H,1490,489,1921,233
Singa H,1482,497,1923,238
Singa H,1486,505,1911,239
Singa H,1481,497,1913,241
Singa H,1475,492,1920,239
Singa H,1474,494,1913,238
Singa H,1481,496,1916,237
Singa H,1471,503,1903,237
Singa H,1472,492,1906,237
Singa H,1469,496,1907,233
Singa H,1375,465,1763,206
Singa H,1380,467,1767,206
Singa H,1372,467,1762,193
Singa H,1378,460,1757,203
Singa H,1375,458,1761,212
Singa H,1371,471,1751,198
Singa H,1379,468,1763,206
Singa H,1387,465,1747,210
Singa H,1383,464,1756,207
Singa H,1385,464,1761,200
Singa H,1378,466,1763,201
Singa H,1396,461,1755,205
Singa H,1379,472,1752,209
Singa H,1383,466,1763,207
Singa H,1369,463,1763,200
Singa H,1390,467,1766,214
Singa H,1385,463,1762,211
Singa H,1368,465,1763,204
Singa H,1377,473,1764,202
Singa H,1375,466,1755,206
Singa H,1374,463,1761,202
Singa H,1385,456,1752,195
Singa H,1381,459,1754,205
Singa H,1369,470,1748,203
Singa H,1376,461,1760,201
Singa H,1370,461,1749,213
Singa H,1369,457,1751,199
Singa H,1364,466,1758,200
Singa H,1376,460,1748,204
Singa H,1362,459,1759,186
Singa H,1375,465,1747,206
Singa H,1589,466,1805,209
Singa H,1879,486,1882,219
Singa H,1932,489,1945,213
Singa H,2004,495,1996,207
Singa H,2076,506,2030,217
Singa H,2125,500,2067,213
Singa H,2174,509,2097,220
Singa H,2219,519,2125,214
Singa H,2271,517,2140,224
Singa H,2309,526,2158,223
Singa H,2346,530,2171,230
Singa H,2381,532,2184,229
Singa H,2419,528,2199,236
Singa H,2447,543,2206,234
Singa H,2478,544,2218,235
Singa H,2498,546,2228,236
Singa H,2528,543,2233,240
Singa H,2545,547,2235,237
Singa H,2580,551,2254,241
Singa H,2595,552,2258,252
Singa H,2615,557,2265,244
Singa H,2632,557,2267,248
Singa H,2651,558,2275,249
Singa H,2664,557,2275,258
Singa H,2678,559,2293,253
Singa H,2691,558,2287,256
Singa H,2705,555,2289,255
Singa H,2718,565,2299,258
Singa H,2733,564,2301,257
Singa H,2741,565,2312,265
Singa H,2751,563,2310,260
Singa H,2760,573,2321,261
Singa H,2772,566,2317,268
Singa H,2780,572,2329,260
Singa H,2792,570,2331,269
Singa H,2797,571,2333,271
Singa H,2796,569,2337,269
Singa H,2813,574,2343,270
Singa H,2818,567,2341,274
Singa H,2829,574,2346,277
Singa H,2835,576,2350,270
Singa H,2839,571,2346,276
Singa H,2838,575,2359,276
Singa H,2847,572,2360,275
Singa H,2849,577,2366,269
Singa H,2864,572,2367,279
Singa H,2860,578,2371,275
Singa H,2869,576,2366,276
Singa H,2872,573,2371,285
Singa H,2879,577,2370,290
Singa H,2887,576,2373,283
Singa H,2887,572,2380,288
Singa H,2884,574,2385,288
Singa H,2893,579,2382,284
Singa H,2889,576,2383,284
Singa H,2898,573,2388,287
Singa H,2897,575,2384,294
Singa H,2906,574,2392,296
Singa H,2908,578,2392,290
Singa H,2909,575,2391,293
Singa H,2917,576,2394,285
Singa H,2916,585,2394,297
Singa H,2918,577,2399,293
Singa H,2921,575,2398,289
Singa H,2929,576,2406,298
Singa H,2920,577,2407,295
Singa H,2929,576,2411,295
Singa H,2936,579,2412,294
Singa H,2935,576,2412,296
Singa H,2929,577,2410,292
Singa H,2938,580,2411,299
Singa H,2936,578,2413,298
Singa H,2938,578,2409,290
Singa H,2945,576,2420,297
Singa H,2945,584,2413,298
Singa H,2935,576,2419,299
Singa H,2943,581,2423,302
Singa H,2946,581,2417,295
Singa H,2949,586,2421,300
Singa H,2956,579,2416,302
Singa H,2958,579,2425,301
Singa H,2953,578,2427,307
Singa H,2952,579,2422,306
Singa H,2951,575,2425,305
Singa H,2956,577,2429,299
Singa H,2958,584,2426,306
Singa H,2960,578,2424,311
Singa H,2960,583,2431,308
Singa H,2959,579,2425,306
Singa H,2964,584,2426,308
Singa H,2964,577,2431,305
Singa H,2963,573,2434,307
Singa H,2977,578,2434,303
Singa H,2973,580,2428,305
Singa H,2968,576,2430,310
Singa H,2970,586,2433,317
Singa H,2970,576,2427,303
Singa H,2970,582,2438,307
Singa H,2968,581,2432,310
Singa H,2977,578,2439,311
Singa H,2976,579,2436,306
Singa H,2979,578,2440,305
Singa H,2977,571,2435,307
Singa H,2984,580,2440,307
Singa H,2982,584,2438,309
Singa H,2978,580,2438,306
Singa H,2978,577,2441,305
Singa H,2980,579,2437,305
Singa H,2987,582,2441,312
Singa H,2982,580,2442,317
Singa H,2989,583,2438,314
Singa H,2990,577,2439,306
Singa H,2987,581,2442,310
Singa H,2985,583,2440,316
Singa H,2979,585,2440,303
Singa H,2985,579,2447,317
Singa H,2993,575,2444,314
Singa H,2986,573,2442,314
Singa H,2991,577,2445,312
Singa H,2990,577,2442,313
Singa H,2989,579,2440,312
Singa H,2990,579,2441,314
Singa H,2993,578,2446,312
Singa H,2991,575,2440,309
Singa H,2996,579,2445,319
Singa H,2994,577,2443,320
Singa H,2997,578,2449,317
Singa H,2993,574,2443,311
Singa H,2993,573,2444,317
Singa H,2992,575,2445,313
Singa H,2997,574,2443,309
Singa H,3004,576,2447,315
Singa H,2997,573,2442,310
Singa H,3002,565,2446,315
Singa H,3006,572,2449,319
Singa H,2998,576,2444,312
Singa H,3009,578,2447,318
Singa H,2994,577,2449,315
Singa H,3001,574,2451,319
Singa H,2995,575,2449,309
Singa H,3000,576,2448,317
Singa H,2999,578,2446,320
Singa H,3003,572,2448,315
Singa H,3003,581,2442,315
Singa H,2999,573,2452,319
Singa H,3002,579,2446,314
Singa H,3001,576,2449,316
Singa H,3000,572,2441,314
Singa H,3003,574,2451,318
Singa H,3001,574,2451,311
Singa H,3000,574,2443,321
Singa H,3009,576,2453,314
Singa H,3003,574,2448,312
Singa H,3003,573,2452,317
Singa H,3002,581,2458,318
Singa H,3005,576,2448,317
Singa H,3014,572,2451,320
Singa H,3005,578,2449,317
Singa H,3006,577,2446,318
Singa H,3007,578,2452,322
Singa H,3007,577,2449,312
Singa H,3004,572,2452,324
Singa H,3015,579,2444,317
Singa H,3001,568,2446,320
Singa H,3008,575,2445,318
Singa H,3005,575,2449,322
Singa H,3009,572,2452,317
Singa H,3016,579,2446,318
Singa H,3011,576,2448,321
Singa H,3005,575,2449,317
Singa H,3008,575,2451,315
Singa H,3008,569,2444,320
Singa H,3019,570,2451,324
Singa H,3013,575,2455,319
Singa H,3011,580,2446,321
Singa H,3007,579,2454,317
Singa H,3011,564,2448,323
Singa H,3003,575,2446,322
Singa H,3006,574,2444,323
Singa H,3014,572,2446,319
Singa H,3010,572,2445,318
Singa H,3009,573,2446,320
Singa H,3002,579,2445,316
Singa H,3011,573,2449,319
Singa H,3013,574,2445,320
Singa H,3020,569,2442,319
Singa H,3008,573,2451,317
Singa H,3006,572,2449,320
Singa H,3020,570,2450,327
Singa H,3013,573,2447,323
Singa H,3010,569,2454,323
Singa H,3011,572,2454,320
Singa H,3012,573,2449,317
Singa H,3014,570,2448,315
Singa H,3010,570,2445,322
Singa H,3010,573,2448,311
Singa H,3006,576,2452,319
Singa H,3013,569,2448,317
Singa H,3017,575,2450,318
Singa H,3010,567,2445,327
Singa H,3007,579,2448,318
Singa H,3015,565,2448,322
Singa H,3011,570,2444,314
Singa H,3011,575,2447,321
Singa H,3010,570,2445,320
Singa H,3009,569,2447,312
Singa H,3007,567,2448,316
Singa H,3009,565,2449,317
Singa H,3005,566,2448,321
Singa H,3026,568,2453,324
Singa H,3015,570,2441,319
Singa H,3018,572,2446,317
Singa H,3018,567,2449,323
Singa H,3013,568,2449,320
Singa H,3010,568,2446,311
Singa H,3014,567,2452,315
Singa H,3013,566,2450,321
Singa H,3017,576,2446,317
Singa H,3020,569,2447,317
Singa H,3016,565,2443,318
Singa H,3013,570,2448,319
Singa H,3016,565,2445,318
Singa H,3015,568,2452,314
Singa H,3007,570,2448,315
Singa H,3017,572,2441,319
Singa H,3018,570,2448,320
Singa H,3015,567,2445,324
Singa H,3017,568,2445,319
Singa H,3013,568,2449,318
Singa H,3010,566,2445,317
Singa H,3019,563,2448,314
Singa H,3007,566,2445,322
Singa H,3011,566,2453,320
Singa H,3013,563,2450,320
Singa H,3016,568,2444,320
Singa H,3015,569,2445,322
Singa H,3015,573,2442,323
Singa H,3012,564,2446,327
Singa H,3016,563,2447,321
Singa H,3014,570,2446,316
Singa H,3010,560,2446,318
Singa H,3010,569,2449,323
Singa H,3019,574,2446,316
Singa H,3015,560,2447,325
Singa H,3012,567,2451,320
Singa H,3012,558,2447,313
Singa H,3017,563,2447,314
Singa H,3019,571,2451,318
Singa H,3015,563,2448,318
Singa H,3014,552,2452,318
Singa H,3017,562,2446,319
Singa H,3015,561,2441,322
Singa H,3016,558,2445,323
Singa H,3016,561,2451,316
Singa H,3016,557,2445,318
Singa H,3013,565,2446,316
Singa H,3015,563,2443,319
Singa H,3018,562,2447,317
Singa H,3018,558,2454,316
Singa H,3009,562,2452,308
Singa H,3015,562,2445,315
Singa H,3013,557,2445,313
Singa H,3021,559,2452,317
Singa H,3014,560,2445,319
Singa H,3017,567,2443,310
Singa H,3013,560,2448,319
Singa H,3019,564,2450,319
Singa H,3016,562,2445,320
Singa H,3017,556,2449,316
Singa H,3019,562,2444,314
Singa H,3015,563,2445,321
Singa H,3019,562,2447,313
Singa H,3011,562,2447,319
Singa H,3018,563,2451,315
Singa H,3015,562,2450,316
Singa H,3022,557,2443,313
Singa H,3016,560,2444,314
Singa H,3022,556,2451,316
Singa H,3017,553,2447,316
Singa H,3016,554,2440,316
Singa H,3022,559,2442,318
Singa H,3011,561,2439,319
Singa H,3022,558,2445,314
Singa H,3021,564,2443,318
Singa H,3011,555,2446,311
Singa H,3018,559,2447,316
Singa H,3014,558,2445,323
Singa H,3014,554,2443,316
Singa H,3019,563,2454,323
Singa H,3017,558,2448,319
Singa H,3013,559,2448,313
Singa H,3015,556,2448,312
Singa H,3018,558,2448,316
Singa H,3020,563,2453,323
Singa H,3020,558,2445,318
Singa H,3008,555,2436,320
Singa H,3022,553,2441,332
Singa H,2911,568,2471,361
Singa H,2733,566,2443,365
Singa H,2591,565,2414,360
Singa H,2504,570,2398,366
Singa H,2418,557,2389,344
Singa H,2346,570,2377,348
Singa H,2296,555,2371,334
Singa H,2245,557,2355,336
Singa H,2201,562,2347,333
Singa H,2156,558,2333,319
Singa H,2120,564,2318,324
Singa H,2081,559,2315,319
Singa H,2043,555,2292,314
Singa H,2014,557,2296,317
Singa H,1988,556,2289,318
Singa H,1970,557,2276,311
Singa H,1945,551,2263,311
Singa H,1927,533,2249,305
Singa H,1902,552,2243,303
Singa H,1885,550,2240,302
Singa H,1865,543,2234,302
Singa H,1861,539,2224,309
Singa H,1836,538,2200,308
Singa H,1812,552,2193,306
Singa H,1808,533,2182,289
Singa H,1802,541,2182,297
Singa H,1793,535,2177,294
Singa H,1777,531,2157,285
Singa H,1769,534,2154,291
Singa H,1747,541,2138,293
Singa H,1745,534,2146,293
Singa H,1740,537,2123,293
Singa H,1729,524,2114,286
Singa H,1720,533,2119,280
Singa H,1723,539,2110,292
Singa H,1707,525,2105,278
Singa H,1695,531,2099,273
Singa H,1693,521,2089,276
Singa H,1689,538,2076,284
Singa H,1683,520,2068,268
Singa H,1684,526,2066,271
Singa H,1671,526,2060,281
Singa H,1657,522,2057,276
Singa H,1659,521,2046,266
Singa H,1650,527,2038,269
Singa H,1639,522,2038,271
Singa H,1651,530,2023,274
Singa H,1638,522,2033,272
Singa H,1627,521,2017,262
Singa H,1626,534,2016,266
Singa H,1621,530,2001,272
Singa H,1621,519,1997,264
Singa H,1622,511,2001,273
Singa H,1605,519,1999,272
Singa H,1617,521,1990,262
Singa H,1605,512,1977,265
Singa H,1599,508,1974,251
Singa H,1598,517,1970,257
Singa H,1593,515,1972,252
Singa H,1588,509,1973,259
RDampit,1181,533,1776,366
RDampit,1184,532,1778,374
RDampit,1185,531,1782,365
RDampit,1179,527,1774,361
RDampit,1173,531,1775,368
RDampit,1177,530,1772,369
RDampit,1179,528,1773,367
RDampit,1182,523,1772,362
RDampit,1180,532,1765,363
RDampit,1181,524,1762,368
RDampit,1181,523,1764,360
RDampit,1176,525,1767,363
RDampit,1181,523,1761,361
RDampit,1178,521,1765,364
RDampit,1179,522,1759,356
RDampit,1178,521,1758,359
RDampit,1177,520,1755,358
RDampit,1176,517,1754,359
RDampit,1182,515,1750,344
RDampit,1181,509,1754,354
RDampit,1178,515,1751,352
RDampit,1179,503,1749,353
RDampit,1176,504,1743,348
RDampit,1173,510,1745,346
RDampit,1176,508,1745,353
RDampit,1177,509,1740,345
RDampit,1172,505,1746,347
RDampit,1179,507,1741,350
RDampit,1177,504,1738,348
RDampit,1179,503,1741,344
RDampit,1176,505,1733,348
RDampit,1177,509,1738,348
RDampit,1176,501,1742,345
RDampit,1175,499,1734,345
RDampit,1176,503,1737,347
RDampit,1176,496,1729,344
RDampit,1176,503,1733,344
RDampit,1176,494,1725,340
RDampit,1172,498,1732,339
RDampit,1173,496,1727,349
RDampit,1176,499,1725,341
RDampit,1175,500,1726,336
RDampit,1171,494,1720,342
RDampit,1174,493,1723,339
RDampit,1176,491,1726,336
RDampit,1178,497,1720,339
RDampit,1170,492,1719,332
RDampit,1175,495,1718,329
RDampit,1170,495,1715,335
RDampit,1174,490,1711,332
RDampit,1173,492,1712,332
RDampit,1169,494,1712,329
RDampit,1164,488,1710,316
RDampit,1148,484,1705,314
RDampit,1152,488,1701,313
RDampit,1158,491,1704,313
RDampit,1182,487,1723,311
RDampit,1209,487,1758,311
RDampit,1237,492,1788,314
RDampit,1284,490,1820,316
RDampit,1327,493,1847,322
RDampit,1382,490,1869,311
RDampit,1433,489,1892,305
RDampit,1482,492,1913,311
RDampit,1529,495,1931,314
RDampit,1582,498,1950,311
RDampit,1637,497,1966,311
RDampit,1676,501,1985,306
RDampit,1718,496,1993,317
RDampit,1760,496,2005,319
RDampit,1802,504,2021,317
RDampit,1841,494,2026,318
RDampit,1873,494,2042,318
RDampit,1908,498,2056,318
RDampit,1941,497,2063,322
RDampit,1972,505,2073,315
RDampit,2001,504,2084,327
RDampit,2026,500,2092,324
RDampit,2054,499,2099,321
RDampit,2084,503,2111,322
RDampit,2112,498,2117,323
RDampit,2132,506,2124,326
RDampit,2151,500,2129,327
RDampit,2175,507,2136,328
RDampit,2193,503,2142,324
RDampit,2208,505,2153,331
RDampit,2228,509,2157,326
RDampit,2243,507,2162,329
RDampit,2261,502,2170,327
RDampit,2275,503,2172,327
RDampit,2286,512,2180,332
RDampit,2305,510,2186,332
RDampit,2317,502,2192,327
RDampit,2336,509,2194,329
RDampit,2343,503,2199,331
RDampit,2350,507,2217,331
RDampit,2367,509,2208,336
RDampit,2379,505,2213,336
RDampit,2382,503,2221,340
RDampit,2397,506,2221,336
RDampit,2405,505,2225,335
RDampit,2419,514,2234,337
RDampit,2430,506,2243,335
RDampit,2435,507,2243,339
RDampit,2442,513,2244,338
RDampit,2450,506,2246,344
RDampit,2461,509,2254,333
RDampit,2462,509,2259,340
RDampit,2469,509,2262,346
RDampit,2479,510,2265,336
RDampit,2483,507,2266,333
RDampit,2493,512,2268,335
RDampit,2497,509,2272,342
RDampit,2512,510,2280,341
RDampit,2509,514,2284,348
RDampit,2517,507,2282,340
RDampit,2526,509,2282,339
RDampit,2527,512,2285,349
RDampit,2539,509,2292,335
RDampit,2544,511,2292,345
RDampit,2548,508,2296,337
RDampit,2551,510,2288,335
RDampit,2547,506,2296,343
RDampit,2554,506,2298,340
RDampit,2563,508,2304,344
RDampit,2573,511,2305,343
RDampit,2574,508,2306,346
RDampit,2576,509,2314,348
RDampit,2583,516,2311,347
RDampit,2587,509,2312,343
RDampit,2594,514,2312,348
RDampit,2592,510,2312,347
RDampit,2595,509,2322,344
RDampit,2599,507,2319,347
RDampit,2604,507,2320,344
RDampit,2600,513,2318,348
RDampit,2608,509,2316,348
RDampit,2608,506,2325,348
RDampit,2607,506,2326,348
RDampit,2615,505,2319,351
RDampit,2620,510,2323,338
RDampit,2618,504,2331,350
RDampit,2622,506,2328,353
RDampit,2628,506,2327,346
RDampit,2631,502,2331,349
RDampit,2630,509,2334,353
RDampit,2629,508,2334,352
RDampit,2635,506,2333,352
RDampit,2637,502,2333,349
RDampit,2634,505,2338,350
RDampit,2641,503,2338,346
RDampit,2641,503,2337,351
RDampit,2642,506,2339,358
RDampit,2643,502,2337,349
RDampit,2645,497,2331,350
RDampit,2651,497,2346,354
RDampit,2646,503,2340,355
RDampit,2653,508,2339,353
RDampit,2656,502,2345,348
RDampit,2657,498,2341,354
RDampit,2656,501,2342,351
RDampit,2655,503,2340,356
RDampit,2656,501,2336,348
RDampit,2665,500,2340,351
RDampit,2662,504,2336,357
RDampit,2666,503,2344,353
RDampit,2674,501,2347,348
RDampit,2670,505,2342,356
RDampit,2665,500,2346,354
RDampit,2671,501,2350,347
RDampit,2674,498,2343,351
RDampit,2675,499,2347,352
RDampit,2672,500,2353,350
RDampit,2671,502,2347,355
RDampit,2678,499,2346,352
RDampit,2679,495,2342,363
RDampit,2671,506,2349,353
RDampit,2675,505,2341,355
RDampit,2667,503,2353,373
RDampit,2508,498,2329,372
RDampit,2349,500,2299,362
RDampit,2217,496,2269,350
RDampit,2131,495,2252,358
RDampit,2043,485,2244,340
RDampit,1962,478,2219,339
RDampit,1891,488,2214,349
RDampit,1826,472,2193,330
RDampit,1759,475,2181,337
RDampit,1698,476,2164,327
RDampit,1644,474,2150,326
RDampit,1590,473,2138,332
RDampit,1545,470,2128,323
RDampit,1496,472,2114,321
RDampit,1449,471,2096,320
RDampit,1412,468,2083,317
RDampit,1388,469,2065,310
RDampit,1350,469,2062,309
RDampit,1321,469,2043,312
RDampit,1299,471,2027,316
RDampit,1275,466,2018,300
RDampit,1256,457,1997,305
RDampit,1227,461,1988,301
RDampit,1222,466,1980,305
RDampit,1199,466,1970,306
RDampit,1187,468,1963,305
RDampit,1176,465,1949,302
RDampit,1164,462,1940,303
RDampit,1153,463,1930,298
RDampit,1144,457,1917,301
RDampit,1131,460,1916,283
RDampit,1119,459,1905,298
RDampit,1117,456,1898,299
RDampit,1109,457,1887,288
RDampit,1103,456,1886,288
RDampit,1099,462,1873,294
RDampit,1090,457,1869,294
RDampit,1091,460,1858,292
RDampit,1076,458,1856,295
RDampit,1072,450,1853,291
RDampit,1068,458,1836,296
RDampit,1069,451,1835,287
RDampit,1061,452,1831,293
RDampit,1062,456,1822,286
RDampit,1059,443,1819,280
RDampit,1052,452,1810,286
RDampit,1040,455,1803,293
RDampit,1044,449,1801,289
RDampit,1038,452,1799,288
RDampit,1037,447,1788,287
RDampit,1031,449,1786,285
RDampit,1035,444,1782,286
RDampit,952,425,1598,254
RDampit,950,427,1599,257
RDampit,946,427,1595,258
RDampit,954,426,1599,258
RDampit,959,423,1595,252
RDampit,952,414,1594,258
RDampit,954,427,1595,261
RDampit,956,425,1594,258
RDampit,963,429,1596,262
RDampit,960,424,1591,252
RDampit,962,423,1591,256
RDampit,960,422,1586,259
RDampit,965,422,1590,253
RDampit,958,424,1589,259
RDampit,965,421,1584,252
RDampit,968,421,1580,255
RDampit,972,425,1587,251
RDampit,971,421,1583,254
RDampit,974,421,1579,256
RDampit,973,421,1583,252
RDampit,974,425,1576,252
RDampit,972,423,1581,252
RDampit,974,422,1583,256
RDampit,980,416,1579,257
RDampit,984,419,1581,253
RDampit,977,417,1573,251
RDampit,983,421,1576,250
RDampit,978,419,1577,256
RDampit,981,417,1576,252
RDampit,984,422,1566,251
RDampit,984,416,1566,252
RDampit,983,423,1571,248
RDampit,984,413,1560,251
RDampit,980,412,1564,249
RDampit,993,414,1565,244
RDampit,985,413,1561,255
RDampit,990,417,1559,247
RDampit,992,418,1562,249
RDampit,1005,418,1562,250
RDampit,1019,425,1567,251
RDampit,1061,421,1574,253
RDampit,1088,421,1588,248
RDampit,1115,429,1600,250
RDampit,1133,424,1616,249
RDampit,1180,422,1625,247
RDampit,1239,425,1643,254
RDampit,1292,430,1670,245
RDampit,1350,432,1680,250
RDampit,1404,431,1704,247
RDampit,1456,427,1727,251
RDampit,1518,429,1749,255
RDampit,1580,432,1768,251
RDampit,1631,434,1788,255
RDampit,1678,435,1798,254
RDampit,1722,436,1819,257
RDampit,1765,440,1834,258
RDampit,1811,438,1844,256
RDampit,1853,441,1858,258
RDampit,1899,440,1873,265
RDampit,1927,443,1883,255
RDampit,1959,436,1895,257
RDampit,1996,445,1910,257
RDampit,2023,444,1915,264
RDampit,2049,443,1926,260
RDampit,2082,444,1938,268
RDampit,2106,446,1947,262
RDampit,2126,448,1960,264
RDampit,2154,448,1965,269
RDampit,2171,442,1974,260
RDampit,2197,447,1980,264
RDampit,2216,444,1990,263
RDampit,2232,450,1995,268
RDampit,2247,453,2004,266
RDampit,2265,450,2008,268
RDampit,2280,450,2020,273
RDampit,2295,445,2029,272
RDampit,2305,454,2036,265
RDampit,2320,458,2043,274
RDampit,2334,446,2042,265
RDampit,2350,451,2059,266
RDampit,2354,457,2059,273
RDampit,2366,460,2067,275
RDampit,2384,455,2070,276
RDampit,2388,456,2078,266
RDampit,2397,454,2080,270
RDampit,2404,455,2091,279
RDampit,2417,450,2089,278
RDampit,2425,454,2092,271
RDampit,2434,451,2101,275
RDampit,2447,450,2110,281
RDampit,2450,456,2107,275
RDampit,2455,458,2113,281
RDampit,2463,458,2121,279
RDampit,2475,463,2128,282
RDampit,2482,450,2130,277
RDampit,2487,455,2131,282
RDampit,2492,459,2133,279
RDampit,2500,458,2144,280
RDampit,2511,455,2140,286
RDampit,2510,456,2146,282
RDampit,2518,453,2149,278
RDampit,2526,454,2150,290
RDampit,2532,458,2157,286
RDampit,2533,453,2163,279
RDampit,2533,451,2165,288
RDampit,2546,452,2166,281
RDampit,2551,450,2174,287
RDampit,2557,456,2169,288
RDampit,2558,462,2178,284
RDampit,2572,463,2175,284
RDampit,2573,455,2168,284
RDampit,2574,459,2178,289
RDampit,2574,459,2187,293
RDampit,2579,460,2186,292
RDampit,2582,453,2182,290
RDampit,2590,452,2189,296
RDampit,2595,460,2191,288
RDampit,2598,452,2189,291
RDampit,2603,453,2193,295
RDampit,2606,457,2193,294
RDampit,2607,460,2198,292
RDampit,2610,459,2202,290
RDampit,2609,458,2200,289
RDampit,2611,457,2204,290
RDampit,2618,455,2207,293
RDampit,2622,456,2206,295
RDampit,2627,464,2212,296
RDampit,2617,461,2206,294
RDampit,2625,461,2217,297
RDampit,2628,459,2214,296
RDampit,2636,462,2211,291
RDampit,2631,460,2213,294
RDampit,2634,461,2222,292
RDampit,2639,457,2223,299
RDampit,2641,456,2222,296
RDampit,2641,456,2225,300
RDampit,2641,447,2224,300
RDampit,2639,453,2222,300
RDampit,2646,458,2224,298
RDampit,2660,455,2227,299
RDampit,2652,468,2232,295
RDampit,2659,458,2227,296
RDampit,2656,454,2226,296
RDampit,2654,455,2229,292
RDampit,2660,453,2234,303
RDampit,2655,459,2233,303
RDampit,2660,451,2231,298
RDampit,2660,462,2235,302
RDampit,2668,455,2235,303
RDampit,2670,457,2235,299
RDampit,2668,459,2235,304
RDampit,2670,456,2239,301
RDampit,2672,457,2237,306
RDampit,2673,459,2245,304
RDampit,2675,464,2241,304
RDampit,2679,454,2242,301
RDampit,2676,457,2242,303
RDampit,2673,457,2242,298
RDampit,2676,458,2240,303
RDampit,2685,458,2241,308
RDampit,2680,456,2241,301
RDampit,2680,457,2241,308
RDampit,2687,455,2254,306
RDampit,2680,456,2251,303
RDampit,2687,459,2245,305
RDampit,2690,457,2253,305
RDampit,2688,455,2242,306
RDampit,2683,451,2240,302
RDampit,2677,453,2248,323
RDampit,2518,445,2220,327
RDampit,2404,446,2193,319
RDampit,2295,450,2176,310
RDampit,2207,442,2160,306
RDampit,2131,445,2145,302
RDampit,2063,440,2132,305
RDampit,1993,440,2120,298
RDampit,1932,443,2112,301
RDampit,1879,446,2094,303
RDampit,1820,435,2083,285
RDampit,1769,432,2066,295
RDampit,1724,435,2056,289
RDampit,1669,439,2052,292
RDampit,1625,436,2035,287
RDampit,1597,434,2021,286
RDampit,1553,432,2011,281
RDampit,1515,434,2003,282
RDampit,1480,426,1993,287
RDampit,1455,435,1974,283
RDampit,1431,430,1970,281
RDampit,1416,435,1961,279
RDampit,1401,436,1958,279
RDampit,1381,438,1949,275
RDampit,1367,431,1952,278
RDampit,1353,435,1937,274
RDampit,1338,433,1926,274
RDampit,1314,441,1916,273
RDampit,1301,431,1910,275
RDampit,1292,429,1896,276
RDampit,1276,437,1888,268
RDampit,1260,433,1881,263
RDampit,1254,427,1872,269
RDampit,1246,431,1861,274
RDampit,1231,432,1855,265
RDampit,1225,428,1845,269
RDampit,1208,433,1840,272
RDampit,1208,432,1835,264
RDampit,1195,428,1828,275
RDampit,1184,421,1821,259
RDampit,1182,430,1810,269
RDampit,1175,421,1805,260
RDampit,1163,420,1797,259
RDampit,1167,425,1790,261
RDampit,1169,424,1780,262
RDampit,1157,417,1769,251
RDampit,1153,419,1766,261
RDampit,1149,424,1776,262
RDampit,1150,426,1768,262
RDampit,1141,426,1760,260
RDampit,1141,422,1755,253
RDampit,1138,425,1750,261
RDampit,1133,428,1746,265
RDampit,1145,420,1737,259
RDampit,1136,422,1734,259
RDampit,1129,420,1733,256
RDampit,1120,416,1723,254
RDampit,1121,424,1725,257
RDampit,1116,418,1723,244
RDampit,1117,420,1720,251
RDampit,1115,413,1706,247
RDampit,1110,417,1713,260
RDampit,1111,416,1704,251
RDampit,1113,419,1699,249
RDampit,1108,419,1692,251
RDampit,1107,422,1701,255
RDampit,1109,419,1701,252
RDampit,1109,415,1689,256
RDampit,1104,414,1686,252
RDampit,1100,419,1687,251
RDampit,1102,417,1684,249
RDampit,1100,416,1679,249
RDampit,1101,409,1680,250
RDampit,1093,418,1672,246
RDampit,1100,410,1673,244
RDampit,1093,417,1668,246
RDampit,1093,417,1667,250
RDampit,1098,412,1655,247
RDampit,1090,407,1659,247
RDampit,1094,417,1660,242
RDampit,1090,415,1654,252
RDampit,1089,413,1650,243
RDampit,1094,412,1651,236
RDampit,1084,416,1650,240
RDampit,1087,417,1647,252
RDampit,1089,414,1641,238
RDampit,1084,414,1645,249
RDampit,1078,408,1638,250
RDampit,1081,411,1638,238
RDampit,1083,411,1629,243
RDampit,1092,398,1639,241
RDampit,1078,418,1624,242
